<?xml version="1.0" encoding="utf-8"?>
<!DOCTYPE install PUBLIC "-//Joomla! 2.5//DTD template 1.0//EN" "https://www.joomla.org/xml/dtd/2.5/template-install.dtd">
<extension version="3.4" type="template" client="site" method="upgrade">
	<name>JoomlAir</name>
	<creationDate>2015-12-30</creationDate>
	<author>Fio</author>
	<copyright>Copyright (c) 2015 - schefa.com</copyright>
	<license>Creative Commons Attribution-Share Alike 3.0 Unported</license>
	<authorEmail>fjodor@schefa.com</authorEmail>
	<authorUrl>http://www.schefa.com</authorUrl>
	<version>1.4.2</version>
	<description>
	<![CDATA[
			<img src="../templates/joomlair/template_thumbnail.png" style="margin-right: 1em; float: left" />
			<p><strong>Last Update: </strong>14.08.16</p>
			<p><strong>License: </strong><a href="http://creativecommons.org/licenses/by-sa/3.0/" target="_blank">Creative Commons Attribution-Share Alike 3.0 Unported</a></p>
			<p><strong>Check for Updates: </strong><a href="http://www.schefa.com" target="_blank">www.schefa.com</a></p>
			
		<ul>
		
		<li>banner</li>
		<li>breadcrumbs</li>
		<li>content-bottom-1</li>
		<li>content-bottom-2</li>
		<li>mainmenu</li>
		<li>left</li>
		<li>right</li>
		<li>search</li>
		<li>position-1</li>
		<li>position-2</li>
		<li>position-3</li>
		<li>position-4</li>
		<li>position-5</li>
		<li>position-6</li>
		
		</ul>
	]]>  
	</description>
	<files>
		<filename>index.php</filename>
		<filename>error.php</filename>
		<filename>component.php</filename>
		<filename>template_thumbnail.png</filename>
		<filename>template_preview.png</filename>
		<filename>favicon.ico</filename>
		<folder>images</folder>
		<folder>css</folder>
		<folder>language</folder>
	</files>
	<positions>
		<position>breadcrumbs</position>
		<position>content-bottom-1</position>
		<position>content-bottom-2</position>
		<position>left</position>
		<position>right</position>
		<position>banner</position>
		<position>mainmenu</position>
		<position>search</position>
		<position>position-1</position>
		<position>position-2</position>
		<position>position-3</position>
		<position>position-4</position>
		<position>position-5</position>
		<position>position-6</position>
	</positions>
	
	<languages folder="language">
		<language tag="de-DE">de-DE/de-DE.tpl_joomlair.ini</language>
		<language tag="de-DE">de-DE/de-DE.tpl_joomlair.sys.ini</language>
		<language tag="en-GB">en-GB/en-GB.tpl_joomlair.ini</language>
		<language tag="en-GB">en-GB/en-GB.tpl_joomlair.sys.ini</language>
	</languages>
	
	<config>
		<fields name="params">
            <fieldset name="advanced">
			
				<field name="logo" type="media" default="" label="TPL_JOOMLAIR_IMAGE" description="TPL_JOOMLAIR_IMAGE_DESC" />
				
				<field name="sidebarWidth" type="number" filter="integer" default="20" step="1" first="0" label="TPL_JOOMLAIR_LEFTWIDTH" />
				
				<field name="sidebarWidthStyle" label="TPL_JOOMLAIR_LEFTWIDTHSTYLE" default="proz" class="btn-group btn-group-yesno" type="radio" >
					<option value="proz">%</option>
					<option value="px">px</option>
				</field>
				
			</fieldset>
        </fields>
    </config>
</extension>