<?xml version="1.0" encoding="utf-8"?>
<!DOCTYPE install PUBLIC "-//Joomla! 2.5//DTD template 1.0//EN" "https://www.joomla.org/xml/dtd/2.5/template-install.dtd">
<extension version="3.4" type="template" client="site" method="upgrade">
	<name>sunshine</name>
	<creationDate>2016-01-03</creationDate>
	<author>Fio</author>
	<copyright>Copyright (c) 2015 - schefa.com</copyright>
	<license>Creative Commons Attribution-Share Alike 3.0 Unported</license>
	<authorEmail>fjodor@schefa.com</authorEmail>
	<authorUrl>http://www.schefa.com</authorUrl>
	<version>4.0.2</version>	
	<description>
	<![CDATA[
			<h1 style="padding:10px;">sunshine</h1>
			<img src="../templates/sunshine/template_thumbnail.png" style="margin-right: 1em; float: left" />
			<p><strong>License</strong> - <a href="http://creativecommons.org/licenses/by-sa/3.0/" target="_blank">Creative Commons Attribution-Share Alike 3.0 Unported</a></p>
			<p><strong>Website: </strong><a href="http://www.schefa.com" target="_blank">www.schefa.com</a></p>
			<p><strong>Module positions</strong></p>
			<ul>	
				<li>mobile</li>
				<li>banner</li>
				<li>breadcrumbs</li>
				<li>search</li>
				<li>social</li>
				<li>mainmenu</li>
				<li>left</li>
				<li>right</li>
				<li>position-1</li>
				<li>position-2</li>
				<li>position-3</li>
				<li>position-4</li>
				<li>position-5</li>
				<li>position-6</li>
				<li>position-7</li>
			</ul>
	]]>  
	</description>
	
	<files>
		<filename>favicon.ico</filename>
		<filename>index.php</filename>
		<filename>template_preview.png</filename>
		<filename>template_thumbnail.png</filename>
		<filename>templateDetails.xml</filename>
		<filename>error.php</filename>
		<folder>css/</folder>
		<folder>html</folder>
		<folder>images</folder>
		<folder>language</folder>
		<folder>lib</folder>
	</files>
	
	<languages folder="language"> 
		<language tag="en-GB">en-GB/en-GB.tpl_sunshine.ini</language>
		<language tag="en-GB">en-GB/en-GB.tpl_sunshine.sys.ini</language>
		<language tag="de-DE">de-DE/de-DE.tpl_sunshine.ini</language>
		<language tag="de-DE">de-DE/de-DE.tpl_sunshine.sys.ini</language>
	</languages>
	
	<positions>
		<position>mobile</position>
		<position>banner</position>
		<position>breadcrumbs</position>
		<position>search</position>
		<position>social</position>
		<position>mainmenu</position>
		<position>left</position>
		<position>right</position>
		<position>position-1</position>
		<position>position-2</position>
		<position>position-3</position>
		<position>position-4</position>
		<position>position-5</position>
		<position>position-6</position>
		<position>position-7</position>
	</positions>
	
	<config>
		<fields name="params">
			<fieldset name="advanced">
			
				<field name="logo-image" type="media" default="" label="TPL_SUNSHINE_IMAGE" description="TPL_SUNSHINE_IMAGE_DESC" />
				<field name="googlefont" type="text" default="" label="TPL_SUNSHINE_GOOGLEFONT" description="TPL_SUNSHINE_GOOGLEFONT_DESC" />
				<field name="width" type="integer" default="900" step="1" first="480" last="1600" label="TPL_SUNSHINE_WIDTH" description="TPL_SUNSHINE_WIDTH_DESC" />
				
				<field name="spacer1" type="spacer" hr="true" />
				<field name="sunshine_color" type="list" default="blue" label="TPL_SUNSHINE_COLOR">
					<option value="blue">blue</option>
					<option value="red">red</option>
				</field>
				
			</fieldset>
		</fields>
	</config>
</extension>