<?xml version="1.0" encoding="utf-8"?>
<!DOCTYPE install PUBLIC "-//Joomla! 2.5//DTD template 1.0//EN" "https://www.joomla.org/xml/dtd/2.5/template-install.dtd">
<extension version="3.1" type="template" client="site">
	<name>universl</name>
	<creationDate>07.02.2009</creationDate>
	<author>Fio</author>
	<copyright>Copyright (c) 2009 - vonfio.de</copyright>
	<license>Creative Commons Attribution-Share Alike 3.0 Unported</license>
	<authorEmail>ich@vonfio.de</authorEmail>
	<authorUrl>http://www.vonfio.de</authorUrl>
	<version>3.3.1</version>
	<description>
	<![CDATA[
			<h2 style="padding:10px;"><b>universl</b></h2>
			<p><strong>Version:</strong> 3.3.1 (09.04.15)</p>
			<p><strong>License: </strong><a href="http://creativecommons.org/licenses/by-sa/3.0/" target="_blank">Creative Commons</a></p>
			<img src="../templates/universl/positions.png" style="margin-right: 1em; width: 100%; max-width: 300px;" />
	]]>  
	</description>
	<files>
		<filename>templateDetails.xml</filename>
		<filename>index.php</filename>
		<filename>template_thumbnail.png</filename>
		<filename>positions.png</filename>
		<filename>head_includes.php</filename>
		<filename>favicon.ico</filename>
		<folder>css</folder>
		<folder>images</folder>
	</files>
	
	<config>
		<fields name="params">
			<fieldset name="basic">
			
		<field type="spacer" />
		<field name="colorVariation" type="list" default="blue" label="Template Style" description="Color variation to use">
			<option value="blue">blue</option>
			<option value="red">red</option>
		</field>
		<field name="background" type="text" default="#333333 url(none)" label="Background" description=""></field>
		<field name="headerimage" label="Header" type="media" directory="stories" />
		<field type="spacer" />
		<field name="templateWidth" type="text" default="920px" label="Template Width" description="Width in px, em or %" />
		<field name="sidebarWidth" type="text" default="25" label="Left/Right Sidebar (%)" description="Width in %" />
		
		<field type="spacer" />
		<field type="spacer" hr="true" />
		<field type="spacer" />

		<field name="fontfamily" type="text" default="Helvetica, Arial, sans-serif" label="Font Family" description="Definition Fontfamily"></field>
		<field name="fontsize" type="text" default="0.9em" label="Font Size" description="Definition Font Size"></field>
		<field name="fontcolor" type="text" default="#000000" label="Font Color" description="Definition Font Color"></field>
		<field name="linkcolor" type="text" default="#6699CC" label="Link Color" description="Definition Link Color"></field>
					</fieldset>
					
	<fieldset name="advanced" label="Responsive Webdesign">
		<field type="spacer" />
		<field type="spacer" class="text" label="max 800px" />
		<field type="spacer" />
		
		<field name="m800bannersload" type="radio" default="0" label="Bannersload" description=""><option value="0">JYES</option><option value="1">JNO</option></field>
		
		<field name="m800headerimage" type="radio" default="0" label="Headerimage" description=""><option value="0">JYES</option><option value="1">JNO</option></field>
		
		<field name="m800position3456" type="radio" default="0" label="Position 3,4,5,6" description=""><option value="0">JYES</option><option value="1">JNO</option></field>
		
		<field name="m800position78" type="radio" default="0" label="Position 7,8" description=""><option value="0">JYES</option><option value="1">JNO</option></field>
		
		<field name="m800position9101112" type="radio" default="0" label="Position 9,10,11,12" description=""><option value="0">JYES</option><option value="1">JNO</option></field>
		
		
		<field type="spacer" />
		<field type="spacer" class="text" label="max 600px" />
		<field type="spacer" />
		
		<field name="m600bannersload" type="radio" default="0" label="Bannersload" description=""><option value="0">JYES</option><option value="1">JNO</option></field>
		
		<field name="m600headerimage" type="radio" default="0" label="Headerimage" description=""><option value="0">JYES</option><option value="1">JNO</option></field>
		
		<field name="m600position3456" type="radio" default="0" label="Position 3,4,5,6" description=""><option value="0">JYES</option><option value="1">JNO</option></field>
		
		<field name="m600position78" type="radio" default="0" label="Position 7,8" description=""><option value="0">JYES</option><option value="1">JNO</option></field>
		
		<field name="m600position9101112" type="radio" default="0" label="Position 9,10,11,12" description=""><option value="0">JYES</option><option value="1">JNO</option></field>
		
		
		<field type="spacer" />
		<field type="spacer" class="text" label="max 500px" />
		<field type="spacer" />
		
		<field name="m500bannersload" type="radio" default="1" label="Bannersload" description=""><option value="0">JYES</option><option value="1">JNO</option></field>
		
		<field name="m500headerimage" type="radio" default="1" label="Headerimage" description=""><option value="0">JYES</option><option value="1">JNO</option></field>
		
		<field name="m500position3456" type="radio" default="1" label="Position 3,4,5,6" description=""><option value="0">JYES</option><option value="1">JNO</option></field>
		
		<field name="m500position78" type="radio" default="1" label="Position 7,8" description=""><option value="0">JYES</option><option value="1">JNO</option></field>
		
		<field name="m500position9101112" type="radio" default="1" label="Position 9,10,11,12" description=""><option value="0">JYES</option><option value="1">JNO</option></field>


		
		<field type="spacer" />
		<field type="spacer" class="text" label="max 300px" />
		<field type="spacer" />
		
		<field name="m300bannersload" type="radio" default="1" label="Bannersload" description=""><option value="0">JYES</option><option value="1">JNO</option></field>
		
		<field name="m300headerimage" type="radio" default="1" label="Headerimage" description=""><option value="0">JYES</option><option value="1">JNO</option></field>
		
		<field name="m300position3456" type="radio" default="1" label="Position 3,4,5,6" description=""><option value="0">JYES</option><option value="1">JNO</option></field>
		
		<field name="m300position78" type="radio" default="1" label="Position 7,8" description=""><option value="0">JYES</option><option value="1">JNO</option></field>
		
		<field name="m300position9101112" type="radio" default="1" label="Position 9,10,11,12" description=""><option value="0">JYES</option><option value="1">JNO</option></field>
			</fieldset>
		</fields>
	</config>
</extension>