<?xml version="1.0" encoding="utf-8"?>
<!DOCTYPE install PUBLIC "-//Joomla! 2.5//DTD template 1.0//EN" "https://www.joomla.org/xml/dtd/2.5/template-install.dtd">
<extension version="3.4" type="template" client="site" method="upgrade">
	<name>dreamsquare</name>
	<creationDate>2008-10-19</creationDate>
	<author>Fjodor Schäfer</author>
	<authorEmail>fjodor@schefa.com</authorEmail>
	<authorUrl>http://www.schefa.com</authorUrl>
	<license>Creative Commons Attribution-Share Alike 3.0 Unported</license>
	<version>3.4.1</version>
	<description>
	<![CDATA[
			<h1 style="padding:10px;">Dreamsquare</h1>
			<img src="../templates/dreamsquare/template_thumbnail.png" style="margin-right: 1em; float: right" />
			<p><strong>Version:</strong> 3.4.1</p>
			<p><strong>UpDate: </strong>07.02.16</p>
			<p><strong>License: </strong><a href="http://creativecommons.org/licenses/by-sa/3.0/" target="_blank">Creative Commons</a></p>
			<p><strong>Positions: </strong></p>
			
		<ul>
		<li>banner</li>
		<li>breadcrumbs</li>
		<li>footer</li>
		<li>left</li>
		<li>mainmenu</li>
		<li>position-1</li>
		<li>position-2</li>
		<li>position-3</li>
		<li>right</li>
		<li>search</li>
		</ul>
	]]>  
	</description>
	<files>
		<filename>index.php</filename>
		<filename>templateDetails.xml</filename>
		<filename>template_thumbnail.png</filename>
		<filename>template_preview.png</filename>
		<folder>images</folder>
		<folder>css</folder>
	</files>
	<positions>
		<position>banner</position>
		<position>breadcrumbs</position>
		<position>footer</position>
		<position>left</position>
		<position>mainmenu</position>
		<position>position-1</position>
		<position>position-2</position>
		<position>position-3</position>
		<position>right</position>
		<position>search</position>
	</positions>
	
	<config>
		<fields name="params">
			<fieldset name="advanced">
				<field name="logo_image" type="media" default="" label="Logo" description="Logo image URL" />
			</fieldset>
		</fields>
	</config>
</extension>