<?xml version="1.0" encoding="utf-8"?>
<!DOCTYPE install PUBLIC "-//Joomla! 2.5//DTD template 1.0//EN" "https://www.joomla.org/xml/dtd/2.5/template-install.dtd">
<extension version="1.6" type="template" client="site">
	<name>SunDay</name>
	<creationDate>07.04.09</creationDate>
	<author>Fio</author>
	<authorUrl>http://www.vonfio.de</authorUrl>
	<copyright>Copyright (c) 2014 - vonfio.de</copyright>
	<license><a href="http://creativecommons.org/licenses/by-sa/3.0/deed.de">Creative Commons Attribution-Share Alike 3.0 Unported License</a></license>
	<version>3.3.0</version>
	
	<description>
	<![CDATA[
			<h2 style="padding:10px;"><b>SunDay</b> - Free Joomla Template</h2>
			<img src="../templates/sunday/template_thumbnail.png" style="margin-right: 1em; float: left" />
			<p><strong>Version:</strong>3.3.0</p>
			<p><strong>Last Update: </strong>19.10.14</p>
			<p><strong>License: </strong><a href="http://creativecommons.org/licenses/by-sa/3.0/" target="_blank">Creative Commons</a></p>
	]]>  
	</description>
	
	<files>
		<filename>index.php</filename>
		<filename>component.php</filename>
		<filename>index.html</filename>
		<filename>template_thumbnail.png</filename>
		<filename>template_preview.png</filename>
		<filename>favicon.ico</filename>
		<folder>css</folder>
		<folder>images</folder>
	</files>
	
	<config>
		<fields name="params">
			<fieldset name="basic">
				<field name="colorVariation" type="list" default="grey" label="Template Style" description="">
					<option value="grey">grey</option>
					<option value="blue">blue</option>
					<option value="red">red</option>
				</field>
				<field name="linkColor" type="color" default="#669933" label="Link Color" description="" />
			</fieldset>
		</fields>
	</config>
	
</extension>