<?xml version="1.0" encoding="utf-8"?>
<!DOCTYPE install PUBLIC "-//Joomla! 2.5//DTD template 1.0//EN" "https://www.joomla.org/xml/dtd/2.5/template-install.dtd">
<extension version="2.5" type="template" client="site">
	<name>nomi</name>
	<creationDate>14.02.09</creationDate>
	<author>Fio</author>
	<copyright>Copyright (c) 2009 - vonfio.de</copyright>
	<license>Creative Commons Attribution-Share Alike 3.0 Unported</license>
	<authorEmail>ich@vonfio.de</authorEmail>
	<authorUrl>http://www.vonfio.de</authorUrl>
	<version>3.3.0</version>
	
	<description>
	<![CDATA[
	<link rel="stylesheet" type="text/css" href="../templates/NOMI/admin/style.css" />
	<style type="text/css" media="all">
		<!--
		#wrap1 {padding:0px 0px 4px 0px;}  
		.jl_container {text-align: center; } .jl_center { margin: 0 auto; width: 150px;}
		
		.jl_title { font-family: Arial, Helvetica, sans-serif; font-weight: normal; font-style: italic; color: #DDD; font-size: 21px; text-align: left !important; padding: 10px 0 0 20px;}
		.jl_head1 { font-size: 46px; color: #888; height: 46px; line-height: 46px; }
		.jl_head3 { font-size: 36px; color: #888; height: 46px; line-height: 50px; }
		.jl_head2 { font-size: 36px; color: #DDD; text-decoration: underline; height: 46px; line-height: 46px;}
		.jl_head2 span { color: #858585; text-decoration: none; font-size: 21px;}
		.jl_head1, .jl_head2, .jl_head3 { float: left; }

		#wrap1 img {float:left; margin: 5px 10px 10px 0;}
		
		.wrap2 {background:#fff;padding: 20px; font-family: Arial; font-size:13px; color: #4d4d4d; line-height: 24px;}
		
		.leftart {margin: 16px 0 0 0; font-weight: normal!important; }
		
		.livedemo { margin-top: 28px; }
.clear { clear: both; height: 0; line-height:0;}
		-->
	</style>
	
	<div id="wrap1">  
	
		<div class="jl_title">nomi</div>
		<div class="clear"></div>
		
		<div class="wrap2">  
		
			<a title="Visit the official website!" href="http://joomlademo.vonfio.de/nomi.html" target="_blank"> <img src="../templates/nomi/template_thumbnail.png" border="0" alt="Logo" /></a>       
						
			<div class="leftart">            
						 
			<p><strong>Version:</strong> 3.3.0<br /><a href="http://www.vonfio.de" target="_blank">Check for Updates</a></p>
			<p><strong>License: </strong><a href="http://creativecommons.org/licenses/by-sa/3.0/" target="_blank">Creative Commons</a></p>  
			
			</div>
			
		</div>
		</div>
						
	]]>
	</description>
	
	<files>
		<filename>component.php</filename>
		<filename>error.php</filename>
		<filename>favicon.ico</filename>
		<filename>index.php</filename>
		<filename>templateDetails.xml</filename>
		<filename>template_thumbnail.png</filename> 
		<filename>template_preview.png</filename> 
		<folder>admin</folder>
		<folder>css</folder>
		<folder>fonts</folder>
		<folder>html</folder>
		<folder>images</folder>
		<folder>language</folder>
		<folder>layout</folder>
		<folder>lib</folder>
	</files>

	<languages folder="language"> 
		<language tag="en-GB">en-GB/en-GB.tpl_nomi.ini</language>
		<language tag="en-GB">en-GB/en-GB.tpl_nomi.sys.ini</language>
		<language tag="de-DE">de-DE/de-DE.tpl_nomi.ini</language>
		<language tag="de-DE">de-DE/de-DE.tpl_nomi.sys.ini</language>
	</languages>

	<positions>
		<position>article</position>
		<position>breadcrumbs</position>
		<position>footer</position>
		<position>footer-nav</position>
		<position>header</position>
		<position>contentleft</position>
		<position>contentright</position>
		<position>content-top1</position>
		<position>content-top2</position>
		<position>content-bottom1</position>
		<position>content-bottom2</position>
		<position>left-top</position>
		<position>left-1</position>
		<position>left-2</position>
		<position>left-bottom</position>
		<position>login</position>
		<position>logo</position>
		<position>mainmenu</position>
		<position>position-1</position>
		<position>position-2</position>
		<position>position-3</position>
		<position>position-4</position>
		<position>position-5</position>
		<position>position-6</position>
		<position>position-7</position>
		<position>position-8</position>
		<position>position-9</position>
		<position>position-10</position>
		<position>position-11</position>
		<position>position-12</position>
		<position>position-13</position>
		<position>position-14</position>
		<position>position-15</position>
		<position>position-16</position>
		<position>right-top</position>
		<position>right-1</position>
		<position>right-2</position>
		<position>right-bottom</position>
		<position>search</position>
		<position>submenu</position>
		<position>topmenu</position>
	</positions>
	 
	<config>
		<fields name="params">
			<fieldset name="basic"> 
				<field name="templateWidth" type="text" default="920px" label="TPL_NOMI_TEMP_WIDTH" description="TPL_NOMI_TEMP_WIDTH_DESC" />
				<field name="sidebarWidth" type="text" default="25" label="TPL_NOMI_SIDEBAR_WIDTH" description="TPL_NOMI_SIDEBAR_WIDTH_DESC" />
				<field name="cellpadding" type="text" default="0.5em" label="TPL_NOMI_CELLPADDING" description="TPL_NOMI_CELLPADDING_DESC" />
				 
			</fieldset>
			
			<fieldset name="TPL_NOMI_BACKGROUNDS">
				  
				<field name="backgroundcolor" label="TPL_NOMI_BGCOLOR" type="color"  description="TPL_NOMI_BGCOLOR_DESC"></field>
				<field name="containercolor" label="TPL_NOMI_CONTAINERCOLOR" type="color"  description="TPL_NOMI_CONTAINERCOLOR_DESC"></field>
				<field name="border" label="TPL_NOMI_BORDER" type="text" default="1px solid #CCCCCC"  description="TPL_NOMI_BORDER_DESC"></field>
				
				
				<field name="background" label="TPL_NOMI_BGIMAGE" type="media" directory="stories" /> 
			</fieldset>
			
			<fieldset name="TPL_NOMI_NAVI">
				<field name="navborder" label="TPL_NOMI_NAVBORDER" type="color"  description="TPL_NOMI_NAVBORDER_DESC"></field>
				<field name="navcolor" label="TPL_NOMI_NAVCOLOR" type="color"  description="TPL_NOMI_NAVCOLOR_DESC"></field>
				<field name="navcolorfont" type="color" label="TPL_NOMI_NAVCOLOR_FONTCOLOR" description="TPL_NOMI_NAVCOLOR_FONTCOLOR_DESC" />
				<field name="navcolor2" label="TPL_NOMI_NAVCOLOR_HOVER" type="color"  description="TPL_NOMI_NAVCOLOR_HOVER_DESC"></field>
				<field name="navcolorfont2" type="color" label="TPL_NOMI_NAVCOLOR_FONTCOLOR_HOVER" description="TPL_NOMI_NAVCOLOR_FONTCOLOR_HOVER_DESC" />
			</fieldset>
			
			<fieldset name="TPL_NOMI_TYPO">
			 	
				<field name="fontfamily" type="text" default="Helvetica, Arial, sans-serif" label="TPL_NOMI_FONTFAMILY" description="TPL_NOMI_FONTFAMILY_DESC"></field>
				<field name="fontsize" type="text" default="14px" label="TPL_NOMI_FONTSIZE" description="TPL_NOMI_FONTSIZE_DESC"></field>
				<field name="fontcolor" type="color" label="TPL_NOMI_FONTCOLOR" description="TPL_NOMI_FONTCOLOR_DESC" />
				<field name="linkcolor" type="color" label="TPL_NOMI_LINKCOLOR" default="#6699CC" description="TPL_NOMI_LINKCOLOR_DESC" />
				
			</fieldset>
		</fields>
	</config>
</extension>